{"cameraMode":{"drawMode":0,"name":"Shaded","section":"Shading Mode"},"sceneLighting":true,"audioPlay":false,"sceneViewState":{"showFog":false,"showMaterialUpdate":false,"showSkybox":true,"showFlares":false,"showImageEffects":false,"showParticleSystems":false},"in2DMode":false,"pivot":{"x":-12940.2705078125,"y":5430.4638671875,"z":-10555.501953125},"rotation":{"x":0.22097671031951905,"y":0.02632901445031166,"z":-0.0059679532423615459,"w":0.9749062061309815},"size":31.32122039794922,"orthographic":false}