{"cameraMode":{"drawMode":0,"name":"Shaded","section":"Shading Mode"},"sceneLighting":true,"audioPlay":false,"sceneViewState":{"m_AlwaysRefresh":false,"showFog":false,"showSkybox":true,"showFlares":false,"showImageEffects":false,"showParticleSystems":false,"showVisualEffectGraphs":true,"m_FxEnabled":true},"in2DMode":false,"pivot":{"x":1.6272891759872437,"y":2.0843453407287599,"z":-9.484492301940918},"rotation":{"x":0.16795852780342103,"y":0.03991270437836647,"z":-0.006806155201047659,"w":0.9849638938903809},"size":2.1801211833953859,"orthographic":false}